index,x,y
0,2.477732265922462,26.60360727270199
1,2.477732265922462,26.60360727270199
2,2.477732265922462,26.60360727270199
3,2.477732265922462,26.60360727270199
4,23.98518099564389,17.093216321744016
5,23.98518099564389,17.093216321744016
6,23.98518099564389,17.093216321744016
7,23.98518099564389,17.093216321744016
8,94.31791218987269,9.506418495314238
9,94.31791218987269,9.506418495314238
10,94.31791218987269,9.506418495314238
11,94.31791218987269,9.506418495314238
