index,x,y
0,799.4589874123554,54.693442501927926
1,799.4589874123554,54.693442501927926
2,817.8273031361607,53.985858954248634
3,817.8273031361607,53.985858954248634
4,768.994807677624,25.531669689752867
5,768.994807677624,25.531669689752867
