index,x,y
0,25.930517463813846,977.6270068685333
1,3.1577192278672945,975.5394477597893
2,18.573995109131808,957.7162476630917
3,12.950875986652509,941.5424159849001
4,7.762440313572887,928.0613988503773
5,2.814676574123321,913.1520031410463
6,-1.9405156813050084,901.1835107702266
7,147.1084858340009,577.1699754185183
