index,x,y
0,753.7702299212142,1045.012611024023
1,705.4654488188075,985.1628850379328
2,694.2614173227994,881.4264944866886
3,576.7273322834274,845.5460787382651
4,503.01520629907685,769.6883905497123
5,350.59502362201766,757.1158677161209
6,569.8091338581339,575.3192314951439
7,601.0336251967535,539.8311307082964
8,511.2604724409308,492.2291905504512
9,623.7047433070545,479.7265133857727
10,505.9050330707994,470.8220976365833
