index,x,y
0,156.78216550503794,1053.1684707254344
1,156.78216550503794,1053.1684707254344
2,54.10551782944712,1048.6246950114353
3,54.10551782944712,1048.6246950114353
4,63.944159008103945,974.9829717007548
5,63.944159008103945,974.9829717007548
6,87.52045253580519,932.1860412234356
7,87.52045253580519,932.1860412234356
