index,x,y
0,806.3370053457254,904.1056426714576
1,806.3370053457254,904.1056426714576
2,804.9544678649197,62.80480493242058
3,804.9544678649197,62.80480493242058
4,760.2306028264072,36.14756978405161
5,760.2306028264072,36.14756978405161
6,726.0622830921255,21.646104800276362
7,726.0622830921255,21.646104800276362
8,799.5241161736654,8.720228647436668
9,799.5241161736654,8.720228647436668
