index,x,y
0,36.922053543190785,39.83274330679826
1,213.54149291329966,25.26871181003691
2,64.9610078739017,17.3103874001916
3,12.529738582670689,14.557833070830098
4,46.46838425181982,14.232491339285543
5,29.918740157360634,13.513776377430112
6,261.0371527558002,5.305851969193286
7,113.86643149592275,2.734110235229252
