index,x,y
0,28.54692283466341,155.29005354408204
1,2.229467716390692,154.32612283398785
2,15.660245669169688,141.07948346400823
3,3.087874015719872,126.26902677224376
4,7.884850393599413,71.92486299022914
