index,x,y
0,96.39258719116654,104.95899821900484
1,96.39258719116654,104.95899821900484
2,23.207256725100983,10.961247782975411
3,23.207256725100983,10.961247782975411
