index,x,y
0,805.017600000022,148.03834960592076
1,134.47937007876126,143.8917543315512
2,703.4911748030054,143.50624251928855
3,713.2195275590763,70.05233385806947
4,165.7978960629406,32.42502047133258
5,736.5318047244131,27.364686614885105
