index,x,y
0,3.950852200878613,1025.181169243095
1,3.950852200878613,1025.181169243095
2,814.6234586663935,790.2481216259396
3,814.6234586663935,790.2481216259396
4,406.47342852950146,742.2493318832678
5,406.47342852950146,742.2493318832678
6,429.2433203542394,720.181614186458
7,429.2433203542394,720.181614186458
8,439.6941354628523,706.8293924703138
9,439.6941354628523,706.8293924703138
