index,x,y
0,771.4408218107124,797.0274378668216
1,771.4408218107124,797.0274378668216
2,787.7309861677871,793.5009004487957
3,787.7309861677871,793.5009004487957
4,801.4674693685704,792.9232491925732
5,801.4674693685704,792.9232491925732
6,785.9594758755345,670.5559173326548
7,785.9594758755345,670.5559173326548
8,787.7493817529694,625.3829374249634
9,787.7493817529694,625.3829374249634
