index,x,y
0,351.49137637781814,1051.5611716527637
1,369.098078740042,1023.5405102367477
2,305.6624881889172,1020.0813354328861
3,316.19724094474645,978.5786456676918
4,48.8384503935735,950.962091338916
5,172.31501102353644,941.6136566916789
6,20.538103936870737,856.5113952741848
7,100.11983622035642,741.8674393685784
