index,x,y
0,786.486274015657,1049.5834204718822
1,767.2465133857656,1042.7506393691685
2,781.1958425196372,976.2891590538926
3,740.9092535432868,960.1142929135345
4,764.987565354334,958.6059590549919
5,779.1541417321469,941.8292409435031
6,800.3739212598271,941.2299590551947
