index,x,y
0,192.89166614166865,1013.9448944874636
1,263.67949606290483,987.5677228340014
2,617.7628724409018,981.848692912755
3,719.7966614172567,971.2285228329381
4,429.1723086613956,949.5068220472712
5,575.5083590549981,835.4768125973349
6,516.4024440944195,804.2421921256959
7,803.8405039369121,611.2081133849978
