index,x,y
0,149.74842213685213,967.4173696042382
1,149.74842213685213,967.4173696042382
2,513.8527895232536,821.5535020455578
3,513.8527895232536,821.5535020455578
4,692.0335720068225,731.712595562802
5,692.0335720068225,731.712595562802
