index,x,y
0,0.8479748030347148,14.422072440620482
