index,x,y
0,23.922595275609982,770.9642078735696
