index,x,y
0,786.5772850393779,96.55604409326719
1,804.7454740156926,95.85048189031797
2,811.6016881888894,88.66862362106954
3,756.4449259841771,67.47877795114292
4,785.839521259832,40.026255118565295
5,728.8635968503169,9.588812597154632
