index,x,y
0,441.2565165354511,912.3415181101776
1,617.4765354329793,822.7475149593954
