index,x,y
0,1.2185196850126183,1045.4387905513208
1,803.0468031494753,811.1960692912575
2,399.3495685039308,763.3381795282439
3,421.87116850384575,741.335281888331
4,432.20787401567765,728.0224251953636
