index,x,y
0,1.7494677163836525,52.94226141614238
1,71.31242834635842,45.377461417453496
2,22.53989291337766,29.538368503878434
3,51.740522834553026,11.34765354197795
